adamsla01,h
adamsma01,h
adducji02,h
adriaeh01,h
aguilje01,h
ahmedni01,h
alcanar01,h
allengr01,h
almonab01,h
altheaa01,h
amarial01,h
anderbr06,h
arroych01,h
ascheco01,h
avilaal01,h
avilemi01,h
aybarer01,h
baderha01,h
bandyje01,h
barneau01,h
barneda01,h
bautijo02,h
blancgr01,h
blashja01,h
bonifjo01,h
bourjpe01,h
brantmi02,h
brugmja01,h
buterdr01,h
cabreme01,h
camarjo01,h
canhama01,h
caratvi01,h
carreez01,h
castrst01,h
centeju01,h
chiselo01,h
choosh01,h
coghlch01,h
colemdu01,h
cordefr02,h
cordoal01,h
cowarka01,h
culbech01,h
darnach01,h
davidma02,h
davisjd01,h
deazaal01,h
dejonpa01,h
delmoni01,h
descada01,h
deshide02,h
desmoia01,h
difowi01,h
drewst01,h
dudalu01,h
ellisaj01,h
engelad01,h
ervinph01,h
escobed01,h
escobyu01,h
ethiean01,h
florewi01,h
flowety01,h
fraziad01,h
freemmi01,h
freesda01,h
fryerer01,h
fuentre01,h
gamelbe01,h
garciad01,h
garciav01,h
garcile02,h
garciwi01,h
garnedu01,h
gentrcr01,h
gillaco01,h
gimench01,h
goinsry01,h
gomezca01,h
gonzaad01,h
gonzaer01,h
goodwbr01,h
grandcu01,h
graniza01,h
grateju01,h
gutiefr01,h
hanigry01,h
hansoal01,h
hardyjj01,h
haysau01,h
hazelje01,h
headlch01,h
heisech01,h
heredgu01,h
hernago01,h
hernama02,h
hernate01,h
heywaja01,h
hicksjo02,h
hillaa01,h
hollima01,h
holtbr01,h
hoyinja01,h
hundlni01,h
hwangja01,h
iannech01,h
jasojo01,h
jayjo02,h
jonesry01,h
josepca01,h
kellyty01,h
kendrho01,h
kimhy01,h
kivlepa01,h
knappan01,h
lasteto01,h
lagarju01,h
lintz02,h
lindad01,h
lobatjo01,h
lowrije01,h
luplojo01,h
machadi01,h
mahtomi01,h
mailelu01,h
maldoma01,h
mancitr01,h
marrede01,h
marteje01,h
marteke01,h
martijo08,h
martivi01,h
mathije01,h
mauerjo01,h
maxwebr01,h
maybica01,h
mccanja02,h
mercejo03,h
molinya01,h
montemi01,h
moorety01,h
morelmi01,h
morofma01,h
morrilo01,h
mossbr01,h
motteta01,h
narvaom01,h
navada01,h
navaref01,h
ngoepgi01,h
nichobr01,h
nimmobr01,h
nunezed02,h
osunajo01,h
owingch01,h
parrage01,h
pennicl01,h
peraljh01,h
perkica01,h
petersh01,h
phamth01,h
phegljo01,h
pinama01,h
pindech01,h
pireljo01,h
plouftr01,h
polanjo01,h
preslal01,h
raburry01,h
reverbe01,h
reyesjo03,h
reynoma01,h
reynoma03,h
rickajo01,h
riddljt01,h
roberda10,h
roberda09,h
robinde02,h
rodrise01,h
rojasmi02,h
rominan01,h
rominau01,h
rosalad01,h
ruary01,h
ruggiju01,h
ruizca01,h
ruizri01,h
rutlejo01,h
sanchhe01,h
sanchca01,h
sandopa01,h
santada01,h
saundmi01,h
sierrma01,h
slateau01,h
smithke04,h
smithse01,h
smoakju01,h
sogarer01,h
spande01,h
spangco01,h
stassbr01,h
stevean01,h
stewach01,h
sucreje01,h
suzukic01,h
suzukku01,h
szczuma01,h
taijetr01,h
tayloch03,h
tejadru01,h
telisto01,h
thameer01,h
tolesan01,h
torrelu01,h
torrera01,h
torrero01,h
travisa01,h
trumbma01,h
turnest01,h
urshegi01,h
utleych01,h
valaipa01,h
valenda01,h
voitlu01,h
wadety01,h
weeksri01,h
werthja01,h
whitety01,h
wietema01,h
willima11,h
younger03,h
youngch04,h
abadfe01,p
adlemti01,p
alberan01,p
alberma01,p
alexasc02,p
allenco01,p
altavda01,p
alvarjo03,p
alvarjo02,p
anderbr04,p
armstsh01,p
arroybr01,p
asheral01,p
baileho02,p
bandaan01,p
barbajo01,p
barneda02,p
barneja01,p
barnema01,p
barreja01,p
beckch02,p
belisma01,p
bellch02,p
benoijo01,p
bergmch01,p
biagijo01,p
bibenau01,p
blachty01,p
blackpa01,p
bleieri01,p
blevije01,p
bolsimi01,p
bonilli01,p
boshebu01,p
boxbebr01,p
boyerbl01,p
bradfch02,p
bradymi01,p
braulst01,p
brebbjo01,p
breslcr01,p
briceau01,p
bridwpa01,p
busenal01,p
butleed01,p
cahiltr01,p
cainma01,p
garcija01,p
castilu02,p
castrmi01,p
castrsi01,p
chacijh01,p
chafian01,p
chatwty01,p
chaveje01,p
chenwe02,p
clevimi01,p
coleaj01,p
coveydy01,p
crickky01,p
dejonch01,p
rosajo01,p
delgara01,p
despaod01,p
diazmi02,p
doolise01,p
drakeol01,p
duensbr01,p
edginjo01,p
eflinza01,p
ellinbr02,p
espinpa01,p
estevca01,p
fariaja01,p
farmebu01,p
farquda01,p
feldmsc01,p
felizne01,p
fieldjo03,p
fiersmi01,p
fistedo01,p
flexech01,p
freelky01,p
freemsa01,p
gallayo01,p
garcija04,p
garcilu03,p
garzama01,p
gavigsa01,p
gearrco01,p
geedi01,p
godleza01,p
goharlu01,p
gonzama02,p
goodyni01,p
gosseda01,p
gracema02,p
greench03,p
gregelu01,p
griffaj01,p
grillja01,p
guerrde01,p
hahnje01,p
hammeja01,p
hardybl01,p
harriwi10,p
hartdo01,p
hatchch02,p
hellije01,p
hembrhe01,p
hernada01,p
hildetr01,p
holdejo02,p
hollade01,p
hollagr01,p
holmbda01,p
hoovejj01,p
hoytja01,p
hugheja02,p
humbeph01,p
hunteto02,p
infangr01,p
iwakuhi01,p
jacksed01,p
jackslu01,p
jennida01,p
jimenub01,p
johnsbr02,p
johnsji04,p
junisja01,p
kahnlto01,p
kellesh01,p
kellyjo05,p
kintzbr01,p
knebeco01,p
krolia01,p
kuhlch01,p
lackejo01,p
lametdi01,p
lawreca01,p
leblawa01,p
leclejo01,p
leitema02,p
leonedo01,p
livelbe01,p
lockeje01,p
loupaa01,p
lylesjo01,p
maddoau01,p
madsory01,p
marinjh01,p
marquge01,p
matonph01,p
mcallza01,p
mccarbr01,p
mccarke01,p
mcfartj01,p
mcgeeja01,p
mcgowdu01,p
mchugco01,p
mejiaad01,p
mengdda01,p
middlke01,p
mileywa01,p
milneho01,p
milonto01,p
minayju01,p
minormi01,p
mitchbr01,p
montera01,p
montgjo01,p
moorean02,p
morgaad01,p
morrobr01,p
mortoch02,p
motteja01,p
moylape01,p
neverdo01,p
nicolju01,p
nolasri01,p
norribu01,p
novaiv01,p
ogradch01,p
obergsc01,p
okertst01,p
olsonty01,p
osichjo01,p
ottavad01,p
paganem01,p
parkebl01,p
paulida01,p
pazosja01,p
peacobr01,p
penafe01,p
peralwa01,p
peralwi01,p
perezol01,p
peterdi01,p
petityu01,p
petrija01,p
pintori01,p
pivetni01,p
pressry01,p
pruitau01,p
ramirjc01,p
ramirjo02,p
ramirne01,p
ramosed02,p
reedad01,p
richacl01,p
richaga01,p
rodried05,p
rodrijo06,p
romansa01,p
romeren01,p
romose01,p
rossty01,p
ryuhy01,p
rzepcma01,p
salasfe01,p
salazda01,p
saupowa01,p
scottro02,p
senzaan01,p
sewalpa01,p
shackke01,p
shawbr01,p
sherfji01,p
shiplbr01,p
simslu01,p
sippto01,p
smithch08,p
smithjo07,p
smokejo01,p
solissa01,p
soriajo01,p
stammcr01,p
steckdr01,p
stephja01,p
stewabr01,p
strahma01,p
stratch01,p
stumpda01,p
suareal01,p
suterbr01,p
swarzan01,p
tazawju01,p
teperry01,p
thompja03,p
tillmch01,p
torrejo02,p
triggan01,p
tuivasa01,p
urenajo01,p
valdece01,p
vargaja01,p
velazhe01,p
verhadr01,p
volqued01,p
watsoto01,p
weaveje02,p
whitlch01,p
wilheto01,p
willitr01,p
wilsoju10,p
wittgni01,p
wojcias01,p
woodbl01,p
woodrbr01,p
workmbr01,p
worleva01,p
wrighmi01,p
yateski01,p
ynoaga01,p
ynoami01,p
youngch03,p
zychto01,p
